Workbook

Sheet 요구사항 정의서
A1: 도면검도시스템 - UI 요구사항 구현현황 정의서
A2: 비교 대상: 도면검도시스템_UI_요구사항.xlsx ↔ Figma 페이지(HVAC-검토용, node 1014:9951)
A3: 작성일: 2026-05-28 | 총 113건 | 범례: O=구현완료 △=부분구현 X=미구현 N/A=UI 비대상(백엔드·기술요건)
A5: No | B5: 주업무 (LEVEL2) | C5: 화면/상세업무 (LEVEL3) | D5: 단위프로세스 (LEVEL4) | E5: 상세 구현 설명 | F5: UI 분류 | G5: 구현 상태 | H5: Figma 매핑 화면 | I5: 비고 / Gap 분석
A6: 1 | B6: 실내외기 자동 선정 | C6: 실외기 배치 | D6: 실외기 설치구역 지정 입력 | E6: 사용자 지정 실외기 설치구역 영역 입력 UI | F6: 화면 기능 | G6: △ | H6: 방 검출 결과(우측 패널 - 실외기 탭) | I6: 실외기 영역 하이라이트는 있으나, 사용자가 직접 영역을 그리거나 지정하는 인터랙션 도구 미구현
A7: 2 | B7: 데이터 분석(DS) | C7: 품질 지표 | D7: 품질 지표 대시보드 | E7: 모델·알고리즘 개선용 핵심 지표 조회 화면 | F7: 대시보드 | G7: X | H7: - | I7: 품질 지표 전용 대시보드(모델 정확도/재현율 등 ML 지표) 미구현
A8: 3 | B8: 데이터 분석(DS) | C8: 품질 지표 | D8: 대시보드 차트·그래프 렌더링 | E8: 품질 지표 차트·그래프 렌더링 처리 | F8: 대시보드 | G8: X | H8: - | I8: 품질 지표 차트/그래프 미구현
A9: 4 | B9: 도면 업로드 | C9: 업로드 UI | D9: 도면 파일 업로드 화면 | E9: 파일 선택 및 드래그앤드롭 업로드 UI 구현 | F9: 업로드 화면 | G9: △ | H9: 신규 검도 팝업, 장비 엑셀 업로드 모달 | I9: 신규 검도 팝업이 도면 업로드 진입점 역할. 드래그앤드롭은 장비 엑셀 모달에만 구현. 도면 전용 D&D UI 보강 필요
A10: 5 | B10: 도면 업로드 | C10: 업로드 UI | D10: 프로젝트 단위 파일 관리 UI | E10: 프로젝트별 도면 파일 목록 관리 UI | F10: 업로드 화면 | G10: O | H10: 신규 검도 팝업 | I10: 프로젝트명/도면 수/상태/진행률 컬럼 테이블 구현
A11: 6 | B11: 도면 업로드 | C11: 업로드 UI | D11: 업로드 진행률 표시 UI | E11: 파일별 업로드 진행률 실시간 표시 | F11: 업로드 화면 | G11: △ | H11: 검도 작업 목록 (진행률 컬럼) | I11: 목록 단위 진행률은 표시되나 개별 파일 업로드 중 실시간 진행률 바 미구현
A12: 7 | B12: 도면 업로드 | C12: 업로드 UI | D12: 파일 유형 검증 및 미리보기 | E12: PDF/DWG/DXF 파일 유형 검증 및 썸네일 미리보기 | F12: 업로드 화면 | G12: X | H12: - | I12: 도면 파일 유형 검증/썸네일 미리보기 미구현 (장비 엑셀에만 검증 미리보기 존재)
A13: 8 | B13: 도면 업로드 | C13: 업로드 UI | D13: 도면 파일 업로드 화면 - 추가처리 5 | E13: PDF/DWG/DXF 도면 파일 프로젝트 단위 업로드 화면 구현 추가처리 5 | F13: 업로드 화면 | G13: △ | H13: 신규 검도 팝업 | I13: 부분 구현, 도면 전용 업로드 영역 별도 설계 필요
A14: 9 | B14: 도면 업로드 | C14: 업로드 UI | D14: 업로드 상태 표시 UI | E14: 대기/진행/완료/실패 상태 표시 UI | F14: 업로드 화면 | G14: O | H14: 검도 작업 목록 (상태 컬럼) | I14: 상태 Badge(완료/진행 중/오류) 구현
A15: 10 | B15: 도면 업로드 | C15: 업로드 UI | D15: 진행률 실시간 업데이트 처리 | E15: 업로드 진행률 실시간 업데이트 처리 | F15: 업로드 화면 | G15: N/A | H15: - | I15: 백엔드/기술 요건 (UI 매핑 비대상)
A16: 11 | B16: 도면 업로드 | C16: 업로드 UI | D16: 도면 기본정보 자동추출 표시 | E16: 파일명·페이지수 자동 인식 및 표시 | F16: 업로드 화면 | G16: △ | H16: 신규 검도 팝업 | I16: 파일명/도면수 표시는 있으나 페이지수 자동 인식 결과 표시 영역 미구현
A17: 12 | B17: 도면 업로드 | C17: 업로드 UI | D17: 스케일·도면유형 자동인식 표시 | E17: 도면 스케일·유형 자동 인식 결과 표시 | F17: 업로드 화면 | G17: X | H17: - | I17: 스케일/도면 유형 자동 인식 표시 영역 미구현
... A118: 113 | B118: UI/UX 디자인 | C118: 디자인 시스템 | D118: 디자인 일관성 가이드 | E118: 고객사 보고·검토용 화면 디자인 일관성 규칙 정의 | F118: 디자인 시스템 | G118: X | H118: - | I118: 일관성 가이드 문서/페이지 미구현

Sheet 요약 통계
A1: 구현 현황 요약
A3: [전체 통계]
A4: 상태 | B4: 건수 | C4: 비율 | D4: 의미
A5: O | B5: =COUNTIF('요구사항 정의서'!G6:G118,"O") -> 37 | C5: =B5/$B$9 -> 0.32743363 | D5: 구현완료: Figma에 명확히 구현된 항목
A6: △ | B6: =COUNTIF('요구사항 정의서'!G6:G118,"△") -> 35 | C6: =B6/$B$9 -> 0.30973451 | D6: 부분구현: 유사 화면 존재하나 일부 기능 누락
A7: X | B7: =COUNTIF('요구사항 정의서'!G6:G118,"X") -> 27 | C7: =B7/$B$9 -> 0.23893805 | D7: 미구현: Figma에 해당 화면/기능 없음
A8: N/A | B8: =COUNTIF('요구사항 정의서'!G6:G118,"N/A") -> 14 | C8: =B8/$B$9 -> 0.12389381 | D8: UI 비대상: 백엔드/기술 요건 (UI 매핑 제외)
A9: 총합 | B9: =SUM(B5:B8) -> 113 | C9: =B9/B9 -> 1 | D9: 요구사항 전체 건수
A12: [주업무(LEVEL2)별 구현 현황]
A13: 주업무 (LEVEL2) | B13: 전체 | C13: O | D13: △ | E13: X | F13: N/A | G13: 구현률(O+△)
A14: 실내외기 자동 선정 | B14: =COUNTIF('요구사항 정의서'!B6:B118,"실내외기 자동 선정") -> 1 | C14: =COUNTIFS('요구사항 정의서'!B6:B118,"실내외기 자동 선정",'요구사항 정의서'!G6:G118,"O") -> 0 | D14: =COUNTIFS('요구사항 정의서'!B6:B118,"실내외기 자동 선정",'요구사항 정의서'!G6:G118,"△") -> 1 | E14: =COUNTIFS('요구사항 정의서'!B6:B118,"실내외기 자동 선정",'요구사항 정의서'!G6:G118,"X") -> 0 | F14: =COUNTIFS('요구사항 정의서'!B6:B118,"실내외기 자동 선정",'요구사항 정의서'!G6:G118,"N/A") -> 0 | G14: =IF(B14=0,0,(C14+D14)/B14) -> 1
A15: 데이터 분석(DS) | B15: =COUNTIF('요구사항 정의서'!B6:B118,"데이터 분석(DS)") -> 2 | C15: =COUNTIFS('요구사항 정의서'!B6:B118,"데이터 분석(DS)",'요구사항 정의서'!G6:G118,"O") -> 0 | D15: =COUNTIFS('요구사항 정의서'!B6:B118,"데이터 분석(DS)",'요구사항 정의서'!G6:G118,"△") -> 0 | E15: =COUNTIFS('요구사항 정의서'!B6:B118,"데이터 분석(DS)",'요구사항 정의서'!G6:G118,"X") -> 2 | F15: =COUNTIFS('요구사항 정의서'!B6:B118,"데이터 분석(DS)",'요구사항 정의서'!G6:G118,"N/A") -> 0 | G15: =IF(B15=0,0,(C15+D15)/B15) -> 0
A16: 도면 업로드 | B16: =COUNTIF('요구사항 정의서'!B6:B118,"도면 업로드") -> 13 | C16: =COUNTIFS('요구사항 정의서'!B6:B118,"도면 업로드",'요구사항 정의서'!G6:G118,"O") -> 2 | D16: =COUNTIFS('요구사항 정의서'!B6:B118,"도면 업로드",'요구사항 정의서'!G6:G118,"△") -> 6 | E16: =COUNTIFS('요구사항 정의서'!B6:B118,"도면 업로드",'요구사항 정의서'!G6:G118,"X") -> 3 | F16: =COUNTIFS('요구사항 정의서'!B6:B118,"도면 업로드",'요구사항 정의서'!G6:G118,"N/A") -> 2 | G16: =IF(B16=0,0,(C16+D16)/B16) -> 0.61538462
A17: 분석 진행 현황 | B17: =COUNTIF('요구사항 정의서'!B6:B118,"분석 진행 현황") -> 11 | C17: =COUNTIFS('요구사항 정의서'!B6:B118,"분석 진행 현황",'요구사항 정의서'!G6:G118,"O") -> 1 | D17: =COUNTIFS('요구사항 정의서'!B6:B118,"분석 진행 현황",'요구사항 정의서'!G6:G118,"△") -> 3 | E17: =COUNTIFS('요구사항 정의서'!B6:B118,"분석 진행 현황",'요구사항 정의서'!G6:G118,"X") -> 2 | F17: =COUNTIFS('요구사항 정의서'!B6:B118,"분석 진행 현황",'요구사항 정의서'!G6:G118,"N/A") -> 5 | G17: =IF(B17=0,0,(C17+D17)/B17) -> 0.36363636
A18: 검도 결과 조회 | B18: =COUNTIF('요구사항 정의서'!B6:B118,"검도 결과 조회") -> 30 | C18: =COUNTIFS('요구사항 정의서'!B6:B118,"검도 결과 조회",'요구사항 정의서'!G6:G118,"O") -> 19 | D18: =COUNTIFS('요구사항 정의서'!B6:B118,"검도 결과 조회",'요구사항 정의서'!G6:G118,"△") -> 8 | E18: =COUNTIFS('요구사항 정의서'!B6:B118,"검도 결과 조회",'요구사항 정의서'!G6:G118,"X") -> 3 | F18: =COUNTIFS('요구사항 정의서'!B6:B118,"검도 결과 조회",'요구사항 정의서'!G6:G118,"N/A") -> 0 | G18: =IF(B18=0,0,(C18+D18)/B18) -> 0.9
A19: 사용자 검토·수정 | B19: =COUNTIF('요구사항 정의서'!B6:B118,"사용자 검토·수정") -> 15 | C19: =COUNTIFS('요구사항 정의서'!B6:B118,"사용자 검토·수정",'요구사항 정의서'!G6:G118,"O") -> 0 | D19: =COUNTIFS('요구사항 정의서'!B6:B118,"사용자 검토·수정",'요구사항 정의서'!G6:G118,"△") -> 4 | E19: =COUNTIFS('요구사항 정의서'!B6:B118,"사용자 검토·수정",'요구사항 정의서'!G6:G118,"X") -> 7 | F19: =COUNTIFS('요구사항 정의서'!B6:B118,"사용자 검토·수정",'요구사항 정의서'!G6:G118,"N/A") -> 4 | G19: =IF(B19=0,0,(C19+D19)/B19) -> 0.26666667
A20: 결과물 다운로드 | B20: =COUNTIF('요구사항 정의서'!B6:B118,"결과물 다운로드") -> 6 | C20: =COUNTIFS('요구사항 정의서'!B6:B118,"결과물 다운로드",'요구사항 정의서'!G6:G118,"O") -> 0 | D20: =COUNTIFS('요구사항 정의서'!B6:B118,"결과물 다운로드",'요구사항 정의서'!G6:G118,"△") -> 1 | E20: =COUNTIFS('요구사항 정의서'!B6:B118,"결과물 다운로드",'요구사항 정의서'!G6:G118,"X") -> 4 | F20: =COUNTIFS('요구사항 정의서'!B6:B118,"결과물 다운로드",'요구사항 정의서'!G6:G118,"N/A") -> 1 | G20: =IF(B20=0,0,(C20+D20)/B20) -> 0.16666667
A21: 이력 관리 | B21: =COUNTIF('요구사항 정의서'!B6:B118,"이력 관리") -> 13 | C21: =COUNTIFS('요구사항 정의서'!B6:B118,"이력 관리",'요구사항 정의서'!G6:G118,"O") -> 7 | D21: =COUNTIFS('요구사항 정의서'!B6:B118,"이력 관리",'요구사항 정의서'!G6:G118,"△") -> 2 | E21: =COUNTIFS('요구사항 정의서'!B6:B118,"이력 관리",'요구사항 정의서'!G6:G118,"X") -> 2 | F21: =COUNTIFS('요구사항 정의서'!B6:B118,"이력 관리",'요구사항 정의서'!G6:G118,"N/A") -> 2 | G21: =IF(B21=0,0,(C21+D21)/B21) -> 0.69230769
A22: UI/UX 기획 | B22: =COUNTIF('요구사항 정의서'!B6:B118,"UI/UX 기획") -> 11 | C22: =COUNTIFS('요구사항 정의서'!B6:B118,"UI/UX 기획",'요구사항 정의서'!G6:G118,"O") -> 4 | D22: =COUNTIFS('요구사항 정의서'!B6:B118,"UI/UX 기획",'요구사항 정의서'!G6:G118,"△") -> 5 | E22: =COUNTIFS('요구사항 정의서'!B6:B118,"UI/UX 기획",'요구사항 정의서'!G6:G118,"X") -> 2 | F22: =COUNTIFS('요구사항 정의서'!B6:B118,"UI/UX 기획",'요구사항 정의서'!G6:G118,"N/A") -> 0 | G22: =IF(B22=0,0,(C22+D22)/B22) -> 0.81818182
A23: UI/UX 디자인 | B23: =COUNTIF('요구사항 정의서'!B6:B118,"UI/UX 디자인") -> 11 | C23: =COUNTIFS('요구사항 정의서'!B6:B118,"UI/UX 디자인",'요구사항 정의서'!G6:G118,"O") -> 4 | D23: =COUNTIFS('요구사항 정의서'!B6:B118,"UI/UX 디자인",'요구사항 정의서'!G6:G118,"△") -> 5 | E23: =COUNTIFS('요구사항 정의서'!B6:B118,"UI/UX 디자인",'요구사항 정의서'!G6:G118,"X") -> 2 | F23: =COUNTIFS('요구사항 정의서'!B6:B118,"UI/UX 디자인",'요구사항 정의서'!G6:G118,"N/A") -> 0 | G23: =IF(B23=0,0,(C23+D23)/B23) -> 0.81818182

Sheet 미구현 항목(Gap)
A1: Figma 미반영 / 부분구현 항목 - 우선순위 개선 대상
A3: No | B3: 주업무 | C3: 단위프로세스 | D3: 상태 | E3: 상세 설명 | F3: 비고 / Gap
A4: 1 | B4: 실내외기 자동 선정 | C4: 실외기 설치구역 지정 입력 | D4: △ | E4: 사용자 지정 실외기 설치구역 영역 입력 UI | F4: 실외기 영역 하이라이트는 있으나, 사용자가 직접 영역을 그리거나 지정하는 인터랙션 도구 미구현
A5: 2 | B5: 데이터 분석(DS) | C5: 품질 지표 대시보드 | D5: X | E5: 모델·알고리즘 개선용 핵심 지표 조회 화면 | F5: 품질 지표 전용 대시보드(모델 정확도/재현율 등 ML 지표) 미구현
A6: 3 | B6: 데이터 분석(DS) | C6: 대시보드 차트·그래프 렌더링 | D6: X | E6: 품질 지표 차트·그래프 렌더링 처리 | F6: 품질 지표 차트/그래프 미구현
A7: 4 | B7: 도면 업로드 | C7: 도면 파일 업로드 화면 | D7: △ | E7: 파일 선택 및 드래그앤드롭 업로드 UI 구현 | F7: 신규 검도 팝업이 도면 업로드 진입점 역할. 드래그앤드롭은 장비 엑셀 모달에만 구현. 도면 전용 D&D UI 보강 필요
A8: 6 | B8: 도면 업로드 | C8: 업로드 진행률 표시 UI | D8: △ | E8: 파일별 업로드 진행률 실시간 표시 | F8: 목록 단위 진행률은 표시되나 개별 파일 업로드 중 실시간 진행률 바 미구현
A9: 7 | B9: 도면 업로드 | C9: 파일 유형 검증 및 미리보기 | D9: X | E9: PDF/DWG/DXF 파일 유형 검증 및 썸네일 미리보기 | F9: 도면 파일 유형 검증/썸네일 미리보기 미구현 (장비 엑셀에만 검증 미리보기 존재)
A10: 8 | B10: 도면 업로드 | C10: 도면 파일 업로드 화면 - 추가처리 5 | D10: △ | E10: PDF/DWG/DXF 도면 파일 프로젝트 단위 업로드 화면 구현 추가처리 5 | F10: 부분 구현, 도면 전용 업로드 영역 별도 설계 필요
A11: 11 | B11: 도면 업로드 | C11: 도면 기본정보 자동추출 표시 | D11: △ | E11: 파일명·페이지수 자동 인식 및 표시 | F11: 파일명/도면수 표시는 있으나 페이지수 자동 인식 결과 표시 영역 미구현
A12: 12 | B12: 도면 업로드 | C12: 스케일·도면유형 자동인식 표시 | D12: X | E12: 도면 스케일·유형 자동 인식 결과 표시 | F12: 스케일/도면 유형 자동 인식 표시 영역 미구현
A13: 13 | B13: 도면 업로드 | C13: 자동추출 결과 편집 기능 | D13: X | E13: 자동추출 결과 사용자 수정·확인 기능 | F13: 자동 추출 결과를 사용자가 수정/확인하는 인터페이스 미구현
A14: 15 | B14: 도면 업로드 | C14: 도면 기본정보 자동추출 표시 - 추가처리 5 | D14: △ | E14: 파일명·페이지수·스케일·도면유형 자동인식 결과 표시 추가처리 5 | F14: 부분 구현
A15: 16 | B15: 도면 업로드 | C15: 분석 대상·옵션 선택 화면 | D15: △ | E15: 분석 대상 도면 선택 및 검도유형·항목 옵션 설정 화면 | F15: 대상 선택 단계는 있으나 검도 유형/항목 옵션 설정 UI 미구현
... A65: 113 | B65: UI/UX 디자인 | C65: 디자인 일관성 가이드 | D65: X | E65: 고객사 보고·검토용 화면 디자인 일관성 규칙 정의 | F65: 일관성 가이드 문서/페이지 미구현
